{
  "centroid_query_similarity": {
    "status": "scored",
    "status_counts": {
      "success": 480
    },
    "successful_predictions": 480,
    "precision": 1.0,
    "recall": 0.5764192139737991,
    "f1": 0.7313019390581718,
    "accuracy": 0.7979166666666667,
    "balanced_accuracy": 0.7882096069868996,
    "false_positive_rate": 0.0,
    "false_negative_rate": 0.42358078602620086,
    "false_positive_rate_on_non_private_financial": 0.0,
    "auroc": 0.7538753283808,
    "auprc": 0.8194442673971771,
    "confusion": {
      "tp": 132,
      "fp": 0,
      "tn": 251,
      "fn": 97
    }
  },
  "openai_privacy_filter_plus_granite_guardian": {
    "status": "scored",
    "status_counts": {
      "success": 480
    },
    "successful_predictions": 480,
    "precision": 1.0,
    "recall": 0.35807860262008734,
    "f1": 0.527331189710611,
    "accuracy": 0.69375,
    "balanced_accuracy": 0.6790393013100436,
    "false_positive_rate": 0.0,
    "false_negative_rate": 0.6419213973799127,
    "false_positive_rate_on_non_private_financial": 0.0,
    "auroc": 0.6790393013100436,
    "auprc": 0.6643286026200875,
    "confusion": {
      "tp": 82,
      "fp": 0,
      "tn": 251,
      "fn": 147
    }
  },
  "granite_guardian_oracle_evidence": {
    "status": "not_scored",
    "status_counts": {
      "unsupported": 480
    },
    "successful_predictions": 0
  }
}
